NO,曲名,品番,演奏時間,出版社,備考
1,アヴェ・マリア,,,東亜音楽社 / 音楽之友社,＜楽譜なし＞・Conductor
2,アゲハ蝶/ポルノグラフィティ,SK-373,"4'37""",ミュージックエイト/器楽合奏用楽譜,
3,風になりたい / THE BOOM,SK-303,"3'00""",ミュージックエイト/器楽合奏用楽譜,＜楽譜なし＞・フルスコア
4,島唄/THE BOOM,SK-387,,ミュージックエイト/器楽合奏用楽譜,
5,「スパイ大作戦」のテーマ,SK-270,,ミュージックエイト/器楽合奏用楽譜,
6,Love Love Love / ドリームズ・カム・トウルー,SK-253,,ミュージックエイト/器楽合奏用楽譜,
7,アジアの純真/Puffy,QH-583,"3'53""",ミュージックエイト / ヒット&ヒットシリーズ,
8,明日への扉/I WisH,QH-878,"4'30""",ミュージックエイト/ヒットシリーズ,
9,ALIVEA/ SPEED,QH-662,"5'14""",ミュージックエイト/ヒットシリーズ,
10,ありがとう / SMAP,QH-1010,"3'30""",ミュージックエイト/ヒットシリーズ,
11,ALONE/B'z,QH-393,"5'00""",ミュージックエイト/ヒット&ヒットシリーズ,
12,アンパンマンのマーチ,QH-920,"2'30""",ミュージックエイト/ヒットシリーズ,
13,【es】-Theme of es / Mr.children,QH-536,,ミュージックエイト/ヒット&ヒットシリーズ,
14,いつでも何度でも「千と千尋の神隠し」主題歌,QH-799,"3'00""",ミュージックエイト/ヒットシリーズ,
15,恋しさとせつなさと心強さと / 篠原涼子&T.K,QH-508,,ミュージックエイト/ヒット&ヒットシリーズ,"＜楽譜なし＞・Bass Clarinet in B♭・Baritone Saxophone in E♭・Euphonium(B,C）"
16,winter fall/ L'Arc-en-Ciel,QH-647,"3'10""",ミュージックエイト/ヒットシリーズ,＜楽譜なし＞・Euphonium in B♭（T.C）・Euphonium（B.C）
17,宇宙戦艦ヤマト,QM-43,"3'00""",ミュージックエイト/マーチシリーズ,
18,Ultra Music Power / Hey! Say! JUMP,QH-1077,"3'10""",ミュージックエイト/ヒットシリーズ,
19,大きな古時計,QQ-36,"3'50""",ミュージックエイト/少人数吹奏楽,
20,オブラディ・オブラダ,QH-14,"3'40""",ミュージックエイト/ヒットシリーズ,
21,学園天国,QQ-18,"3'00""",ミュージックエイト/少人数吹奏楽,
22,得賞歌/君が代,S.B14,,共同音楽出版社,
23,キセキ / GReeeeN,QH-1105,,ミュージックエイト/ヒットシリーズ,
24,クシコス・ポスト,QM-23,,ミュージックエイト/マーチ&マーチシリーズ,＜楽譜なし＞・Condenced Score・1st Alto Saxophone in E♭・2nd Alto Saxophone in E♭
25,くじら12号 / JUDY AND MARY,QH-606,,ミュージックエイト/ヒットシリーズ,＜楽譜なし＞・3rd Clarinet in B♭・Tenor Saxpohone in B♭・Tuba
26,KNOCKIN ON YOUR DOOR / L+R,QH-533,,ミュージックエイト/ヒットシリーズ,
27,CROSS ROAD / Mr.children,QH-484,,ミュージックエイト/ヒット&ヒットシリーズ,
28,恋のダンスサイト/モーニング娘。,QH-728,,ミュージックエイト/ヒットシリーズ,
29,今夜月の見える丘に/B'z,QH-732,,（なし）,
30,これが私の生きる道 / Puffy,QH-594,,（なし）,
31,さくら / 森山直太郎,QH-884,,（なし）,
32,TSUNAMI / サザンオールスターズ,QH-729,,（なし）,
33,島唄/THE BOOM,QQ-34,,ミュージックエイト/少人数吹奏楽,
34,上海ハニー/ORANGE RANGE,QH-915,,ミュージックエイト/ヒットシリーズ,
35,少年時代/井上陽水,QH-390,,ミュージックエイト/ヒットシリーズ,
36,STAND BY ME (スタンドバイミー),QH-489,,（出版社未記載）,
37,「スパイ大作戦」のテーマ,,,ヤマハミュージック,
38,ズルイ女/ シャ乱Q,QH-540,,ミュージックエイト/ヒット&ヒットシリーズ,
39,青春アミーゴ,QH-975,,ミュージックエイト/ヒットシリーズ,
40,世界が終るまでは･･･ / WANDS,QH-499,,ミュージックエイト/ヒット&ヒットシリーズ,
41,世界にひとつだけの花,,,ミュージックエイト / ヒットシリーズ,
42,宙船(そらふね),QQ-107,,ミュージックエイト / 少人数吹奏楽,
43,タイミング / BLACK BISCUITS,QH-654,,ミュージックエイト / ヒットシリーズ,
44,タッチ 「TVアニメ『タッチ』主題歌」,QQ-54,,ミュージックエイト / 少人数吹奏楽,
45,「大脱走」のマーチ,QM-33,,ミュージックエイト / コンサートシリーズ,
46,Tequila (テキーラ),QC-131,,ミュージックエイト / コンサートシリーズ,
47,剣の舞 ハチャツリアン組曲「ガイーヌ」より,QC-22,,ミュージックエイト / ニューコンサートシリーズ,
48,鉄腕アトム,QM42,,ミュージックエイト / マーチシリーズ,
49,Tomorrow Never Knows / Mr.children,QH-518,,ミュージックエイト / ヒットシリーズ,
50,TRUTH 「F1・グランプリ」テーマ,QH-368,,ミュージックエイト / ヒットシリーズ,
51,ドラゴンクエスト 【パート4】メドレー導かれた者たち,QC-84,,ミュージックエイト / コンサートシリーズ,
52,どんなときも。/槇原敬之,QH-383,,ミュージックエイト / ヒットシリーズ,
53,日本の四季「秋」6曲,QQ-89,,ミュージックエイト / 少人数吹奏楽,
54,1/2 / 川本真琴,QH-613,,ミュージックエイト / ヒットシリーズ,
55,HONEY / L'ArcenCiel,QH-669,,ミュージックエイト / ヒットシリーズ,
56,箱根八里の半次郎 / 氷川きよし,QH-774,,ミュージックエイト / ヒットシリーズ,
57,花 / 石嶺聡子,QH-569,,ミュージックエイト / ヒットシリーズ,
58,Happiness / 嵐,QH-1060,,ミュージックエイト / ヒットシリーズ,
59,晴れたらいいね / ドリームズ・カム・トゥルー,QH-435,,ミュージックエイト / ヒットシリーズ,
60,瞳をとじて / 平井堅,QH-922,,ミュージックエイト / ヒットシリーズ,
61,ピンクレディーメドレー,QC-119,,ミュージックエイト / コンサートシリーズ,
62,「古畑任三郎」のテーマ,QH-564,,ミュージックエイト / ヒットシリーズ,
63,HOWEVER / GLAY,QH-628,,ミュージックエイト / ヒットシリーズ,
64,フックト・オン・ビートルズ,QC-109,,ミュージックエイト / コンサートシリーズ,
65,ボーン・トゥー・ラブ・ユー / QUEEN,QH-909,,ミュージックエイト / ヒットシリーズ,
66,Pop Star / 平井堅,QH-976,,ミュージックエイト / ヒットシリーズ,
67,宮崎 駿アニメファンタジー 5曲,QC-130,,ミュージックエイト / コンサートシリーズ,
68,名曲ファンファーレ集 5曲,QC-81,,ミュージックエイト / コンサートシリーズ,
69,めざせポケットモンスター,QH-632,,ミュージックエイト / ヒットシリーズ,
70,ヤングマン (Y・M・C・A),QQ-7,,ミュージックエイト / 少人数吹奏楽,
71,Love Love Love / ドリームズ・カム・トウルー,QH-543,,ミュージックエイト / ヒットシリーズ,
72,らいおんハート / SMAP,QQ-2,,ミュージックエイト / 少人数吹奏楽,
73,「ルパン3世」のテーマ (ROCK VERSION),QH-549,,ミュージックエイト / ヒットシリーズ,
74,イケナイ太陽 / ORANGE RANGE,QH-1055,,ミュージックエイト / ヒットシリーズ,
75,行進曲「威風堂々」第1番 / エルガー,QC-123,,ミュージックエイト / コンサートシリーズ,
76,ウィーンはウィーン,QM-7,,ミュージックエイト / マーチシリーズ,
77,おどるポンポコリン,QH-327,,ミュージックエイト / ヒットシリーズ,
78,キューティーハニー,QH-612,,ミュージックエイト / ヒットシリーズ,
79,じょいふる,QH-1218,,ミュージックエイト / ヒットシリーズ,
80,だんご3兄弟,QH-687,,ミュージックエイト / ヒットシリーズ,
81,テレビCMオンパレード CM26曲,QC-177,,ミュージックエイト / コンサートシリーズ,
82,トップ・オブ・ザ・ワールド,SK-260,,ミュージックエイト / 器楽合奏用楽譜,
83,のだめカンタービレ,QC-204,,ミュージックエイト / コンサートシリーズ,
84,「魔女の宅急便」より 2曲,QC-78,,ミュージックエイト / コンサートシリーズ,
85,あの日聞いた歌 6曲,POMS-81009,,ブレーン,
86,AMBITIOUS JAPAN! / TOKIO,QH-903,,ミュージックエイト / ヒットシリーズ,
87,篤姫のテーマ,,,,
88,アフリカン・シンフォニー,,,,
89,アルメニアン・ダンス,,,,
90,イン・ザ・ムード,,,,
91,エル・キャピタン / J.P.スーザ,,,,
92,演歌メドレー,,,,
93,オリエント急行 / P.スパーク,,,,
94,ガーシュウィン・エアー 金管8重奏,GME-7106,,アコード出版 / アンサンブル,
95,崖の上のポニョ,WSL-08-009,,ウインズスコア,
96,カルメン,,,,
97,川の流れのように,,,,
98,軍隊行進曲,TC-2,,東亜音楽社 / 音楽之友社,
99,ANTIGUA BAY,,,,
100,FREEDOM'S LIGHT,,,,
101,コパカ・バ・ナ,,,,
102,コンサートバンド&ジャズアンサンブル,,,,
103,シンコペイテッド・クロック,,,,
104,坂本 九メモリアル,,,,
105,JUMP / ヴァン・ヘイレン,WSL-09-008,,ウインズスコア,
106,序曲「春の猟犬」,,,東亜音楽社 / 音楽之友社,
107,STAR WARS,,,,
108,Selecten Duets for SAXOPHONE vol.1 サックス二重奏,,,,
109,サザエさん,QH-773,,ミュージックエイト / ヒットシリーズ,
110,第一組曲,,,ハンドジャーナル付録,
111,鉄腕アトム 4月7日バースデイメモリアル,,,,
112,ディズニーメドレー,,,,
113,ディズニーメドレーⅢ,,,,
114,トリプレクス 打楽器4重奏,GME-7082,"3'50""",アコード出版 / アンサンブル,
115,中村八大ヒット曲メドレー,,,,
116,鉛の兵隊の行進 混合5~7重奏,GME-7049,"3'00""",アコード出版 / アンサンブル,
117,ノアの箱舟,,,,
118,パイレーツ・オブ・ザ・カリビアン,,,,
119,ひまわり / 遊助,WSJ-09-006,,ウインズスコア,
120,ポップトーン 打楽器4重奏,GME-7117,"4'15""",アコード出版 / アンサンブル,
121,マツケンサンバⅡ,,,,
122,マゼランの未知なる大陸への挑戦/樽屋雅徳,PS-0702,,CAFUAレコード,
123,ミッション インポッシブル,,,,
124,未来予想図Ⅱ / ドリームズ・カム・トウルー,WSJ-10-001,,ウインズスコア,
125,龍馬伝,,,,
126,龍馬伝,,,,
127,レイターズ・マーチ,,,,
128,Let's Go クラシック,WSL-07-014,,ウインズスコア,
129,守護天使の夜「私の子供たちのためのアルバム」より,GMS-1047,,アコード出版 / アンサンブル,
130,昔の歌「私の子供たちのためのアルバム」より,GMS-1048,"3'00""",アコード出版 / アンサンブル,
131,鉛の兵隊の行進「私の子供たちのためのアルバム」より,GMS-1046,,アコード出版 / アンサンブル,
132,ファランドール「私の子供たちのためのアルバム」より,GMS-1049,,アコード出版 / アンサンブル,
133,RAGTIME SUITE (ラグタイム組曲) サックス4重奏,,,アンサンブル,
134,剣の舞 打楽器5重奏,,,アンサンブル,
135,LINCOLN LEGACY (リンカーン・レガシー),,"4'00""",,
136,「森のスケッチ」より 木管6重奏,GME-7057,"3'00""",アコード出版 / アンサンブル,
137,RAINBOWS (レインボーズ) 打楽器4重奏,,,アンサンブル,
138,Le Piccadilly (ピカデリー),,,アンサンブル,
139,口笛吹きと犬 混合8重奏,GME-7176,"2'40""",アコード出版 / アンサンブル,
140,青い山脈,,,,
141,Butterfly / 木村カエラ,QH-1224,,ミュージックエイト / ヒットシリーズ,
142,フルート・カルテット60,,,アルソ出版,
143,はばたけ、未来へ ぎふ清流国体大会ソング,,,,
144,華麗なるブラスアンサンブルの世界 金管,,,,
145,RHAPSODY IN BLUE (ラプソディ・イン・ブルー),,,アカデミア・ミュージック / アンサンブル,
146,猫の組曲 トロンボーン4重奏,,,アンサンブル,
147,クローバー・ファンタジー クラリネット4重奏,,,アンサンブル,
148,「皇帝」弦楽四重奏・ハ長調 クラリネット4重奏,,,ビムス・エディションズ / アンサンブル,
149,Alleluia (アレルヤ) クラリネット5重奏,,,アンサンブル,
150,南ヶ丘中学校 校歌,,,,
151,ヘビーローテーション / AKB48,,,ミュージックエイト / ヒットシリーズ,
152,ウィーアー! アニメ「ONE PIECE」オープニングテーマ,,,,
153,Monster,,,ミュージックエイト / ヒットシリーズ,
154,江 NHK大河ドラマ「江姫たちの戦国」テーマ,,,ハンドジャーナル付録,
155,フルート ソロ曲 5曲,,,,
156,楽器紹介「山の音楽家」,QQ-213,,ミュージックエイト / 少人数吹奏楽,
157,日本愛唱歌アルバム 4曲,QQ-56,,ミュージックエイト / 少人数吹奏楽,
158,海兵隊,QM-29,,ミュージックエイト / マーチングバンド,
159,SONGS OF SAILOR AND SEA,,,,
160,TITANIC,,,,
161,EAGLE CREST,,,,
162,FREE SPIRIT OVERTURE,,,,
163,MARCH from CARMEN,,,,
164,LINCOLN LEGACY,,,,
165,THE INFERNO,,,,
166,ハレルヤ 金管7重奏,GME-7163,"3'30""",アコード出版 / アンサンブル,
167,森へ行きましょう 金管6重奏,GME-7081,,アコード出版 / アンサンブル,
168,ジェリコの戦い 金管8重奏,GME-7101,"2'40""",アコード出版 / アンサンブル,
169,「笑点」のテーマ,WSL-09-007,,ウインズスコア,
170,狩りの歌 金管5重奏,GME-7032,,アコード出版 / アンサンブル,
171,大地と水と火と空の歌,,,,
172,Clarinet Five クラリネット4重奏,,,アンサンブル,
173,ENCANTO,,,,
174,THREE FAIRY TALES (3つのおとぎ話) 木管4重奏,,,アンサンブル,
175,幻想曲 ムー大陸への航海,,,,
176,"SING, SING, SING",QQ-76,,ミュージックエイト / 少人数吹奏楽,
177,マンボ No.5,QC-133,,ミュージックエイト / コンサートシリーズ,
178,Geba-Geba-P' (ゲバゲバ90分!),,,,
179,BEAUTY AND THE BEAST,,,,
180,UNDER THE SEA,,,,
181,ARSENAL (アルセナール),,,コンサートマーチ,
182,El Capeo (エル・カペオ) サックス4~6重奏,,,アンサンブル,
183,君の瞳に恋してる,QQ-27,,ミュージックエイト / 少人数吹奏楽,
184,El Cumbanchero (エル・クンバンチェロ),QQ-147,,ミュージックエイト / 少人数吹奏楽,
185,トルコ行進曲 打楽器5重奏,MAPC-11,,アンサンブル,
186,おもちゃの兵隊のマーチ 打楽器5重奏,MAPC-2,,アンサンブル,
187,18の練習曲よりⅠ. 混合5~7重奏,GME-7385,"4'00""",アコード出版 / アンサンブル,
188,18の練習曲よりⅡ. 混合5~7重奏,GME-7386,"5'10""",アコード出版 / アンサンブル,
189,美しく燃える森 / 東京スカパラダイスオーケストラ,QH-832,,ミュージックエイト / ヒットシリーズ,
190,FANFARE AND TRIUMPH,,,,
191,GULLIVER'S TRAVELS,,,,
192,残酷な天使のテーゼ,QH-633,,ミュージックエイト / ヒットシリーズ,
193,女々しくて / ゴールデンボンバー,QH-1322,,ミュージックエイト / ヒットシリーズ,
194,エオリアの妖精 フルート3重奏,,,アンサンブル,
195,NABUCCO - over ture ~,,,,
196,ユリエフ連隊行進曲 / チャイコフスキー,,,ハンドジャーナル付録,
197,にんじゃりばんばん / きゃりーぱみゅぱみゅ,QH-1409,,ミュージックエイト / ヒットシリーズ,
198,「ピーターと狼」より 混合8重奏,GME-7196,"4'10""",アコード出版 / アンサンブル,
199,FALCON FANFARE (ファルコン・ファンファーレ),B-1531,,ブレーン,
200,MISS LIBERTY,,,,
201,EMERALD AWAKENING,,,,
202,「情熱大陸」メインテーマ,QQ-160,,ミュージックエイト / 少人数吹奏楽,
203,ワイルド アットハート,QQ-262,,ミュージックエイト / 少人数吹奏楽,
204,交響曲「魔法使いの弟子」,QQ-30,,ミュージックエイト / 少人数吹奏楽,
205,JIN-仁- メインタイトル,QQ-224,,ミュージックエイト / 少人数吹奏楽,
206,紅蓮の弓矢 / Linked Horizon,QH-1426,,ミュージックエイト / ヒットシリーズ,
207,テレビCMオンパレード vol.2 19曲,QC-253,,ミュージックエイト / 吹奏楽コンサート,
208,アリンバ連弾名曲集,ECF-0002,,ウインズスコア / アンサンブル,
209,地下鉄 管楽器4重奏,,,,
210,「44の小品」より 木管3重奏,GME-7197,"4'40""",アコード出版 / アンサンブル,
211,歌劇「ソナルド」より 金管4重奏,,,,
212,子供のアルバムより3曲 金管4重奏,,,,
213,妖怪ウォッチメドレー,SMD-009,"6'23""",ウインズスコア / スマートスコア,
214,Fields Overture,,,,
215,あったかいんだからぁ♪,WSJ-15-010,,ウインズスコア,
216,いつでも夢を / 橋幸夫・吉永小百合,QH-1436,,ミュージックエイト / ヒットシリーズ,
217,星に願いを,WSJ-13-009,,ウインズスコア,
218,上を向いて歩こう / 坂本九,QQ-157,,ミュージックエイト / 少人数吹奏楽,
219,がむしゃら行進曲 ドラマ「地獄先生ぬ～べ～」主題歌,QH-1507,,ミュージックエイト / ヒットシリーズ,
220,花燃ゆメインテーマ 2015年NHK大河ドラマ「花燃ゆ」テーマ曲,WSL-15-007,,ウインズスコア,
221,マーメイドラプソディー,WSJ-15-007,,ウインズスコア,
222,尚美ウィンド スタディ,,,,
223,ウォームアップ I,,,,
224,ミニシンフォニー変ホ長調,,,,
225,はじめての吹奏楽曲集① 4曲,FW-1,,ミュージックエイト,
226,川の流れのように,QQ-84,,ミュージックエイト / 少人数吹奏楽,
227,北国の春,QH-1336,,ミュージックエイト / ヒットシリーズ,
228,Top of the world / カーペンターズ,QQ-241,,ミュージックエイト / 少人数吹奏楽,
229,A Whole New World,QQ-297,,ミュージックエイト / 少人数吹奏楽,
230,Zip-A-Dee-Doo-Dar (ジッパ・ディー・ドゥー・ダー),QQ-303,,ミュージックエイト / 少人数吹奏楽,
231,BRAZIL,QQ-19,,ミュージックエイト / 少人数吹奏楽,
232,ジブリ・コレクション for小編成 vol.2,QQ-387,,ミュージックエイト / 少人数吹奏楽,
233,交響曲「新世界」より 第4楽章,QQ-43,,ミュージックエイト / 少人数吹奏楽,
234,"SING,SING,SING",QQ-76,,ミュージックエイト / 少人数吹奏楽,
235,365日の紙飛行機 NHKテレビ小説「朝が来た」主題歌,SPH0069,"4'45""",ウインズスコア / スマートスコア,
236,英雄の証 / モンスターハンター,QH-1512,,ミュージックエイト / ヒットシリーズ,
237,残酷な天使のテーゼ,WSL-09-010,,ウインズスコア,
238,デッキーマーチ,,,ミュージックエイト / 少人数吹奏楽,
239,テキーラ 46のコピー譜,,,ミュージックエイト / 少人数吹奏楽,
240,謡と舞 ～冬から春への情景～ / 福島弘和,,,ウインズスコア,
241,ふるさと,QQ-240,,ミュージックエイト / 少人数吹奏楽,
242,見上げてごらん夜の星を / 坂本九,QQ-264,,ミュージックエイト / 少人数吹奏楽,
243,ひょっこりひょうたん島,QQ-45,,ミュージックエイト / 少人数吹奏楽,
244,日本の四季【冬】7曲,QQ-124,,ミュージックエイト / 少人数吹奏楽,
245,真田丸メインテーマ NHK大河ドラマ,QQ-403,,ミュージックエイト / 少人数吹奏楽,
246,Kimi ni mu chu / EXILE,SPH-0075,,ウインズスコア / スマートスコア,
247,明日への手紙 / 手島 葵,SPH-0073,,ウインズスコア / スマートスコア,
248,花束を君に / 宇多田ヒカル,QQ-407,,ミュージックエイト / 少人数吹奏楽,
249,海の声 / 桐谷健太,QQ-398,,ミュージックエイト / 少人数吹奏楽,
250,希空まれぞら NHKテレビ小説「まれ」主題歌,FLEX-2,,ロケットミュージック,
251,ジングル・ベル・聖夜,QQ-39,,ミュージックエイト / 少人数吹奏楽,
252,花は咲く NHK東日本大震災復興支援ソング,FLEX-28,,ロケットミュージック,
253,ひまわりの約束 / 秦 基博,FLEX-5,,ロケットミュージック,
254,手あそびうたメドレー 6曲,QQ-158,,ミュージックエイト / 少人数吹奏楽,
255,水戸黄門・暴れん坊将軍,QQ-48,,ミュージックエイト / 少人数吹奏楽,
256,前前前世 / RADWIMPS,QQ-422,,ミュージックエイト / 少人数吹奏楽,
257,J-pop Stage for少人数 vol.3 千と千尋編 4曲,QQ-311,,ミュージックエイト / 少人数吹奏楽,
258,ファンタズミック! ファンファーレ付,WSL-13-003,,ウインズスコア,
259,Ob-La-Di Ob-La-Da (オブラディ・オブラダ),QQ-267,,ミュージックエイト / 少人数吹奏楽,
260,海兵隊,QQ-226,,ミュージックエイト / 少人数吹奏楽,
261,宝島,SPS-0001,,ウインズスコア / スマートスコア,
262,行くぜっ!怪盗少女,QQ-294,,ミュージックエイト / 少人数吹奏楽,
263,SEKAI NO OWARI コレクション,WSD-15-003,,ウインズスコア,
264,恋 / 星野源,FLEX-42,,ロケットミュージック,
265,名曲冒頭集 3曲,QQ-87,,ミュージックエイト / 少人数吹奏楽,
266,北の鳥たち / 広瀬勇人,ORG-19,,,
267,レールウェイ / 高橋伸哉,コレクション34,,ブレーン,
268,春の喜び 木管3重奏,ECE-0008,,ウインズスコア / アンサンブル,
269,ファーストステップ! / 金管5重奏,ECE-0005,,ウインズスコア / アンサンブル,
270,日本の四季【春】6曲,QQ-113,,ミュージックエイト / 少人数吹奏楽,
271,マツケンサンバⅡ,QQ-80,,ミュージックエイト / 少人数吹奏楽,
272,明日はどこから NHKテレビ小説「わろてんか」主題歌,QQ-441,,ミュージックエイト / 少人数吹奏楽,
273,涙そうそう,QQ-63,,ミュージックエイト / 少人数吹奏楽,
274,Under the Sea (アンダー・ザ・シー),FLX-4,,ミュージックエイト / フレックスシリーズ,
275,テキーラ 46のコピー譜,ECE-0013,,ウインズスコア / アンサンブル,
276,3つの花 管楽器5(6)重奏,,,,
277,DREAM SOLISTER アニメ「響け! ユーフォニアム」主題歌,FLEX-16,,ロケットミュージック,
278,HANABI ドラマ「コード・ブルー〜ドクターヘリ緊急救命~」主題歌,QQ-434,,ミュージックエイト / 少人数吹奏楽,
279,Makalish Sophia (マカリッシュ・ソフィア) アンサンブル,FLMS-87050,,ブレーン,
280,アマンド・ショコラ 打楽器3重奏,ENMS-84123,,ブレーン,
281,RAIN / SEKAI NO OWARI,QQ-435,"3'45""",ミュージックエイト / 少人数吹奏楽,
282,天地人 ～オープニングテーマ NHK大河ドラマ,QQ-145,,ミュージックエイト / 少人数吹奏楽,
283,ジブリ・コレクション for小編成 vol.1,QQ-386,,ミュージックエイト / 少人数吹奏楽,
284,打上花火 / DAOKO × 米津玄師,QQ-440,,ミュージックエイト / 少人数吹奏楽,
285,マンボ No.5,QQ-274,,ミュージックエイト / 少人数吹奏楽,
286,「くるみ割り人形」よりマーチ,FLX-19,,ミュージックエイト / フレックスシリーズ,
287,"Themes from ""Orpheus""",,,,
288,さくらんぼ / 大塚愛,QQ-68,,ミュージックエイト / 少人数吹奏楽,
289,レ・プレリュード / 広瀬勇人,,,,
290,雷神,QQ-185,,,
291,明日があるさ / 坂本九,QQ-3,,ミュージックエイト / 少人数吹奏楽,
292,さとうきび畑 / 森山良子,QQ-38,,ミュージックエイト / 少人数吹奏楽,
293,U.S.A,QQ-455,,ミュージックエイト / 少人数吹奏楽,
294,アイデア / 星野源 NHKテレビ小説「半分、青い。」主題歌,QQ-458,"3'30""",ミュージックエイト / 少人数吹奏楽,
295,緋色の輪舞 管楽器3重奏,ECE-0010,,ウインズスコア / アンサンブル,
296,シンクロナイズド 打楽器2重奏,MP-A03063,,,
297,Wing of time 時の翼 金管4重奏,ENMS-84514,,ブレーン / アンサンブル,
298,3つのわらべうた 混合3~8重奏 3曲,FLMS-87033,,ブレーン / アンサンブル&バンド,
299,ただそこにある木は 鍵盤打楽器2重奏,MP-A03052,,,
300,スウィング・スウィング・メドレー 3曲,QQ-283,,ミュージックエイト / 少人数吹奏楽,
301,ミッキーマウス・マーチ,QQ-298,,ミュージックエイト / 少人数吹奏楽,
302,糸 / 中島みゆき,QQ-399,,ミュージックエイト / 少人数吹奏楽,
303,パイレーツ・オブ・カリビアン,,,,
304,シンデレラガール / King & Prince,SPH-0109,,ウインズスコア / スマートスコア,
305,Lemon / 米津玄師,QQ-449,,ミュージックエイト / 少人数吹奏楽,
306,名探偵コナン メインテーマ,SPS-0007,"2'40""",ウインズスコア / スマートスコア,
307,青のやまなみ,,"5'05""",,
308,君が代・得賞歌,QQ-141,,ミュージックエイト / 少人数吹奏楽,
309,栄冠は君に輝く 夏の全国高等学校野球選手権大会,QQ-228,,ミュージックエイト / 少人数吹奏楽,
310,風になりたい / THE BOOM,SPS-0053,,ウインズスコア / スマートスコア,
311,マリーゴールド / あいみょん,SPH-0116,,ウインズスコア / スマートスコア,
312,パプリカ / Foorin ＜NHK＞2020応援ソング,QQ-456,,ミュージックエイト / 少人数吹奏楽,
313,優しいあの子 / スピッツ NHKテレビ小説「なつぞら」主題歌,QQ-478,,ミュージックエイト / 少人数吹奏楽,
314,ドレミの歌 Do-Re-Mi,QQ-474,,ミュージックエイト / 少人数吹奏楽,
315,みのりの歌 管打楽器4重奏,ENMS-84506,,ブレーン / アンサンブル,
316,フラワー・クラウン 5パート+打楽器,FLMS-87026,,ブレーン / アンサンブル,
317,宝島,QQ-234,,ミュージックエイト / 少人数吹奏楽,
318,ルパン三世のテーマ '78,SPS-0006,,ウインズスコア / スマートスコア,
319,男の勲章 / 今日俺バンド(カバー),QQ-467,,ミュージックエイト / 少人数吹奏楽,
320,栄光の架橋 / ゆず,QQ-74,,ミュージックエイト / 少人数吹奏楽,
321,official髭男dismメドレー,SBD-20-001,,ウインズスコア / スマートスコア,
322,明日へ吹く風 7パート+打楽器,FLMS-87069,,ブレーン / アンサンブル,
323,紅蓮華 / LiSA,SBJ-20-002,,ウインズスコア / スマートスコア,
324,虹 / 菅田将暉,QQ-513,,ミュージックエイト / 少人数吹奏楽,
325,Make you happy / NiziU,QQ-508,,ミュージックエイト / 少人数吹奏楽,
326,星影のエール / GReeeeN,QQ-498,,ミュージックエイト / 少人数吹奏楽,
327,鬼滅の刃メドレー 3曲,QQ-512,,ミュージックエイト / 少人数吹奏楽,
328,裸の心 / あいみょん,QQ-507,,ミュージックエイト / 少人数吹奏楽,
329,麒麟がくるメインテーマ,QQ-496,,ミュージックエイト / 少人数吹奏楽,
330,美女と野獣メドレー 4曲,QQ-460,,ミュージックエイト / 少人数吹奏楽,
331,オモイダマ / 関ジャニ∞ 2014「熱闘甲子園」テーマソング,QQ-345,,ミュージックエイト / 少人数吹奏楽,
332,白日 / King Gnu,QQ-492,"4'20""",ミュージックエイト / 少人数吹奏楽,
333,ジークフリート 6~8パート+打楽器,,"4'30""",ブレーン / アンサンブル,
334,果てない空への冒険 金管打8(9)重奏,,"3'50""",ウインズスコア / アンサンブル,
335,Aeolian Trio (エオリアン・トリオ) 打楽器3重奏,,,ブレーン / アンサンブル,
336,Forest Echoes (フォレスト・エコーズ) 打楽器3~5重奏,,"3'40""",ブレーン / アンサンブル,
337,ディズニー・シックス・レビュー,,"4'37""",ヤマハミュージックメディア,
338,小さな楽団のためのエチュード 4パート+打楽器,FLMS-87135,"5'30""",ブレーン / アンサンブル,
339,群青 / YOASOBI,QQ-521,"3'00""",ミュージックエイト / 少人数吹奏楽,
340,なないろ / BUMP OF CHICKEN,QQ-526,"4'20""",ミュージックエイト / 少人数吹奏楽,
341,負けないで,FLX-40,"3'15""",ミュージックエイト / フレックスシリーズ,
342,夢をかなえてドラえもん,FLX-47,"2'40""",ミュージックエイト / フレックスシリーズ,
343,In the Mood (イン・ザ・ムード),FLX-38,"2'50""",ミュージックエイト / フレックスシリーズ,
344,Spring Arrives 春の扉,,"5'00""",ブレーン / アンサンブル&バンド,
345,にじいろ / 絢香 NHKテレビ小説「花子とアン」主題歌,QQ-343,"3'34""",ミュージックエイト / 少人数吹奏楽,
346,ツバメ / YOASOBI With ミドリーズ,QQ-540,"3'20""",ミュージックエイト / 少人数吹奏楽,
347,ミックスナッツ / official髭男dism,QQ-550,"2'50""",ミュージックエイト / 少人数吹奏楽,
348,新時代 / ウタ from ONE PIECE FILM RED,QQ-558,"3'40""",ミュージックエイト / 少人数吹奏楽,
349,悠久の花 7パート+打楽器,,"5'00""",ブレーン / アンサンブル&バンド,
350,スプリングフィールド,,"5'00""",ブレーン / ヤングバンドシリーズ,
351,星条旗よ永遠なれ 多治見市消防音楽隊演奏会参加用スコア,,,ミュージックエイト,
352,Subtitle / official髭男dism,QQ-561,"3'30""",ミュージックエイト / 少人数吹奏楽,
353,パーカス ソロ曲 4曲,,,,
354,サザンカ / SEKAI NO OWARI,QQ-446,,ミュージックエイト / 少人数吹奏楽,
355,さくらのうた (アンコン演奏曲R5),FLMS-87084,,,
356,アイドル,QQ-573,,,
357,思い出は鈴の中に (アンコン曲),MP-A03093,,,
358,風の舞 (夏コン演奏曲R6),,,,
359,ケセラセラ,FLEX-213,,,
360,勇者,WSJ-00079,,,
361,僕らまた,,,,
362,さよーならまたいつか!,,,,
363,5つの宮廷舞曲,,,,
364,四季の森,,,,
365,かえるのロックンロール,,,,
366,賜物,QQ-619,,ミュージックエイト / 少人数吹奏楽,
367,カムイの空,FLMS-87182,4’20’’,ブレーン / アンサンブル&バンド,
368,斑鳩の空～フレキシブル・アンサンブルのための,ECF-0061,,ウィンズスコア,